{"cameraMode":{"drawMode":0,"name":"Shaded","section":"Shading Mode"},"sceneLighting":true,"audioPlay":false,"sceneViewState":{"m_AlwaysRefresh":false,"showFog":true,"showSkybox":true,"showFlares":true,"showImageEffects":true,"showParticleSystems":true,"showVisualEffectGraphs":true,"m_FxEnabled":true},"in2DMode":false,"pivot":{"x":1.4027881622314454,"y":-10.172500610351563,"z":46.86693572998047},"rotation":{"x":0.28810590505599978,"y":-0.007988492958247662,"z":0.002732692053541541,"w":0.9577392339706421},"size":49.897945404052737,"orthographic":false}