{"cameraMode":{"drawMode":0,"name":"Shaded","section":"Shading Mode"},"sceneLighting":true,"audioPlay":false,"sceneViewState":{"showFog":true,"showMaterialUpdate":false,"showSkybox":true,"showFlares":true,"showImageEffects":true,"showParticleSystems":true},"in2DMode":false,"pivot":{"x":13.656147003173829,"y":-7.926048278808594,"z":21.694034576416017},"rotation":{"x":0.1753968447446823,"y":0.28551363945007326,"z":-0.052903104573488238,"w":0.9408817887306213},"size":23.0208740234375,"orthographic":false}